sample_id,cluster_id
AR0047-C,cluster_9
AR0049-C,cluster_9
AR0051-C,cluster_9
AR0061-C,cluster_9
AR0078-C,cluster_9
AR0080-C,cluster_9
AR0084-C,cluster_9
AR0097-C,cluster_9
AR0072-C,cluster_9
AR0094-C,cluster_9
AR0095-C,cluster_9
AR0083-C,cluster_9
AR0093-C,cluster_9
AR0021-C,cluster_9
AR0082-C,cluster_9
AR0008-C,cluster_9
AR0085-C,cluster_9
AR0098-C,cluster_9
AR0092-C,cluster_9
AR0017-C,cluster_9
AR0015-C,cluster_9
AR0019-C,cluster_9
AR0100-C,cluster_9
AR0034-C,cluster_9
AR0086-C,cluster_9
AR0057-C,cluster_9
AR0076-C,cluster_9
AR0042-C,cluster_9
AR0063-C,cluster_9
AR0012-C,cluster_9
AR0087-C,cluster_9
AR0065-C,cluster_9
AR0038-C,cluster_9
AR0089-C,cluster_9
AR0071-C,cluster_9
AR0096-C,cluster_9
AR0088-C,cluster_9
AR0066-C,cluster_9
AR0023-C,cluster_9
AR0020-C,cluster_9
AR0024-C,cluster_9
AR0014-C,cluster_9
AR0079-C,cluster_9
AR0027-C,cluster_9
AR0075-C,cluster_9
AR0077-C,cluster_9
AR0007-C,cluster_9
AR0062-C,cluster_9
AR0060-C,cluster_9
AR0022-C,cluster_9
AR0002-C,cluster_9
AR0059-C,cluster_9
AR0048-C,cluster_9
AR0011-C,cluster_9
AR0009-C,cluster_9
AR0043-C,cluster_9
AR0035-C,cluster_9
AR0074-C,cluster_9
AR0045-C,cluster_9
AR0073-C,cluster_9
AR0004-C,cluster_9
AR0040-C,cluster_9
AR0052-C,cluster_9
AR0064-C,cluster_9
AR0044-C,cluster_9
AR0036-C,cluster_9
AR0001-C,cluster_9
AR0006-C,cluster_9
AR0046-C,cluster_9
AR0070-Cx,cluster_9
AR0010-Cx,cluster_9
AR0090-Cx,cluster_9
AR0054-Cx,cluster_9
AR0016-Cx,cluster_9
AR0050-Cx,cluster_9
AR0069-Cx,cluster_9
AR0018-Cx,cluster_9
AR0081-Cx,cluster_9
AR0013-Cx,cluster_9
AR0026-C,cluster_9
AR0053-C,cluster_9
AB0085-Cx,cluster_2
AB0086-Cx,cluster_2
AB0087-C,cluster_2
AB0088-C,cluster_2
AB0089-Cx,cluster_2
AB0090-C,cluster_2
AB0091-C,cluster_2
AB0092-C,cluster_2
AB0094-Cx,cluster_2
AB0095-Cx,cluster_2
AB0096-C,cluster_2
AB0097-Cx,cluster_2
AB0098-Cx,cluster_2
AB0099-Cx,cluster_2
AB0100-C,cluster_2
AB0101-C,cluster_2
AB0103-C,cluster_2
AB0104-Cx,cluster_2
AB0109-C,cluster_2
AB0110-C,cluster_2
AB0111-C,cluster_2
AB0112-C,cluster_2
AB0113-C,cluster_2
AB0114-C,cluster_2
AB0115-C,cluster_2
AB0116-C,cluster_2
AB0117-C,cluster_2
AB0118-C,cluster_2
AB0119-C,cluster_2
AB0121-C,cluster_2
AB0122-C,cluster_2
AB0123-C,cluster_2
AB0124-C,cluster_2
AB0126-Cx,cluster_2
AB0127-C,cluster_2
AB0128-C,cluster_2
AB0129-C,cluster_2
AB0130-Cx,cluster_2
AB0131-Cx,cluster_2
AB0132-C,cluster_2
AB0133-C,cluster_2
AB0134-C,cluster_2
AB0135-C,cluster_2
AB0136-Cx,cluster_2
AB0137-Cx,cluster_2
AB0138-Cx,cluster_2
AB0139-C,cluster_2
AB0140-C,cluster_2
AB0142-C,cluster_2
AB0143-Cx,cluster_2
AB0144-C,cluster_2
AB0145-C,cluster_2
AB0146-Cx,cluster_2
AB0147-C,cluster_2
AB0148-Cx,cluster_2
AB0150-Cx,cluster_2
AB0151-Cx,cluster_2
AB0153-C,cluster_2
AB0155-Cx,cluster_2
AB0157-Cx,cluster_2
AB0158-Cx,cluster_2
AB0159-C,cluster_2
AB0160-Cx,cluster_2
AB0161-C,cluster_2
AB0162-C,cluster_2
AB0164-C,cluster_2
AB0165-C,cluster_2
AB0166-C,cluster_2
AB0167-C,cluster_2
AB0169-C,cluster_2
AB0170-C,cluster_2
AB0171-Cx,cluster_2
AB0172-Cx,cluster_2
AB0173-C,cluster_2
AB0174-C,cluster_2
AB0175-Cx,cluster_2
AB0176-Cx,cluster_2
AB0177-C,cluster_2
AB0178-C,cluster_2
AB0179-Cx,cluster_2
AB0180-Cx,cluster_2
AB0181-C,cluster_2
AB0182-C,cluster_2
AB0183-C,cluster_2
AB0184-C,cluster_2
AB0185-Cx,cluster_2
AB0186-C,cluster_2
AB0187-C,cluster_2
AB0188-C,cluster_2
AB0189-C,cluster_2
AB0190-C,cluster_2
AB0191-Cx,cluster_2
AB0192-C,cluster_2
AB0193-C,cluster_2
AB0194-C,cluster_2
AB0196-C,cluster_2
AB0197-C,cluster_2
AB0198-C,cluster_2
AB0199-C,cluster_2
AB0200-C,cluster_2
AB0201-Cx,cluster_2
AB0202-Cx,cluster_2
AB0203-C,cluster_2
AB0204-C,cluster_2
AB0205-C,cluster_2
AB0206-C,cluster_2
AB0207-C,cluster_2
AB0208-C,cluster_2
AB0209-C,cluster_2
AB0210-C,cluster_2
AB0211-C,cluster_2
AB0212-C,cluster_2
AB0213-C,cluster_2
AB0214-C,cluster_2
AB0215-C,cluster_2
AB0216-C,cluster_2
AB0217-C,cluster_2
AB0218-C,cluster_2
AB0219-Cx,cluster_2
AB0221-C,cluster_2
AB0222-C,cluster_2
AB0223-C,cluster_2
AB0224-C,cluster_2
AB0225-C,cluster_2
AB0226-C,cluster_2
AB0227-Cx,cluster_2
AB0228-C,cluster_2
AB0229-C,cluster_2
AB0230-Cx,cluster_2
AB0231-C,cluster_2
AB0232-Cx,cluster_2
AB0233-C,cluster_2
AB0234-C,cluster_2
AB0235-C,cluster_2
AB0236-Cx,cluster_2
AB0237-C,cluster_2
AB0238-C,cluster_2
AB0239-C,cluster_2
AB0240-C,cluster_2
AB0241-C,cluster_2
AB0242-C,cluster_2
AB0243-C,cluster_2
AB0244-C,cluster_2
AB0246-C,cluster_2
AB0247-C,cluster_2
AB0248-C,cluster_2
AB0249-Cx,cluster_2
AB0250-Cx,cluster_2
AB0251-C,cluster_2
AB0252-C,cluster_2
AB0253-C,cluster_2
AB0255-C,cluster_2
AB0256-C,cluster_2
AB0257-C,cluster_2
AB0258-Cx,cluster_2
AB0259-Cx,cluster_2
AB0260-C,cluster_2
AB0261-Cx,cluster_2
AB0262-Cx,cluster_2
AB0263-C,cluster_2
AB0264-C,cluster_2
AB0265-C,cluster_2
AB0266-Cx,cluster_2
AB0267-C,cluster_2
AB0268-C,cluster_2
AB0269-Cx,cluster_2
AB0270-C,cluster_2
AB0271-Cx,cluster_2
AB0272-Cx,cluster_2
AB0273-Cx,cluster_2
AB0274-C,cluster_2
AB0275-C,cluster_2
AB0276-C,cluster_2
AB0277-C,cluster_2
AB0278-C,cluster_2
AB0279-C,cluster_2
AB0280-Cx,cluster_2
AB0281-Cx,cluster_2
AB0282-Cx,cluster_2
AB0283-C,cluster_2
AB0284-C,cluster_2
AB0326-C,cluster_2
AB0327-C,cluster_2
AB0328-C,cluster_2
AB0329-C,cluster_2
AB0330-C,cluster_2
AB0331-C,cluster_2
AB0332-C,cluster_2
AB0333-C,cluster_2
AB0334-C,cluster_2
AB0337-C,cluster_2
AB0338-C,cluster_2
AB0339-C,cluster_2
AB0340-C,cluster_2
AB0341-C,cluster_2
AB0348-C,cluster_2
AB0351-C,cluster_2
AB0352-C,cluster_2
AB0354-C,cluster_2
AB0355-C,cluster_2
AB0356-C,cluster_2
AB0357-C,cluster_2
AB0358-C,cluster_2
AB0359-C,cluster_2
AB0360-C,cluster_2
AB0361-C,cluster_2
AB0362-C,cluster_2
AB0363-C,cluster_2
AB0364-C,cluster_2
AB0365-C,cluster_2
AB0366-C,cluster_2
AB0367-C,cluster_2
AB0368-C,cluster_2
AB0369-C,cluster_2
AB0370-C,cluster_2
AB0371-C,cluster_2
AB0372-C,cluster_2
AB0373-C,cluster_2
AB0374-C,cluster_2
AB0375-C,cluster_2
AB0378-C,cluster_2
AB0379-C,cluster_2
AB0381-C,cluster_2
AB0386-C,cluster_2
AB0388-C,cluster_2
AB0389-C,cluster_2
AB0396-C,cluster_2
AB0397-C,cluster_2
AB0398-C,cluster_2
AB0399-C,cluster_2
AB0400-C,cluster_2
AB0403-C,cluster_2
AB0404-C,cluster_2
AB0409-C,cluster_2
AB0410-C,cluster_2
AB0411-C,cluster_2
AB0413-C,cluster_2
AB0432-C,cluster_2
AB0433-C,cluster_2
AB0435-C,cluster_2
AB0436-C,cluster_2
AB0439-C,cluster_2
AB0440-C,cluster_2
AB0457-C,cluster_2
AB0458-C,cluster_2
AB0459-C,cluster_2
AB0460-C,cluster_2
AB0462-C,cluster_2
AB0463-C,cluster_2
AB0465-C,cluster_2
AB0466-C,cluster_2
AB0467-C,cluster_2
AB0468-C,cluster_2
AB0469-C,cluster_2
AB0470-C,cluster_2
AB0471-C,cluster_2
AB0472-C,cluster_2
AB0473-C,cluster_2
AB0474-C,cluster_2
AB0477-C,cluster_2
AB0502-C,cluster_2
AB0503-C,cluster_2
AB0504-C,cluster_2
AB0505-C,cluster_2
AB0508-C,cluster_2
AB0509-C,cluster_2
AB0510-C,cluster_2
AB0517-C,cluster_2
AB0523-C,cluster_2
AB0524-C,cluster_2
AB0525-C,cluster_2
AB0526-C,cluster_2
AB0527-C,cluster_2
AB0528-C,cluster_2
AB0529-C,cluster_2
AB0530-C,cluster_2
AB0531-C,cluster_2
AB0532-C,cluster_2
AB0533-C,cluster_2
AB0536-C,cluster_2
AB0537-C,cluster_2
AB0538-C,cluster_2
AB0408-C,cluster_2
AB0298-C,cluster_25
AB0299-C,cluster_25
AB0301-C,cluster_25
AB0302-C,cluster_25
AB0303-C,cluster_25
AB0309-C,cluster_25
AB0312-C,cluster_25
AB0313-C,cluster_25
AB0314-C,cluster_25
AB0315-C,cluster_25
AB0316-C,cluster_25
AB0318-C,cluster_25
AB0325-C,cluster_25
BP0009-C,cluster_11
BP0010-C,cluster_11
BP0011-C,cluster_11
BP0012-C,cluster_11
BP0013-C,cluster_11
BP0015-C,cluster_11
BP0016-C,cluster_11
BP0017-C,cluster_11
BP0018-C,cluster_11
BP0019-C,cluster_11
BP0020-C,cluster_11
BP0021-C,cluster_11
BP0022-C,cluster_11
BP0023-C,cluster_11
BP0024-C,cluster_11
BP0025-C,cluster_11
BP0026-C,cluster_11
BP0027-C,cluster_11
BP0028-C,cluster_11
BP0029-C,cluster_11
BP0030-C,cluster_11
BP0031-C,cluster_11
BP0032-C,cluster_11
BP0033-C,cluster_11
BP0034-C,cluster_11
BP0035-C,cluster_11
BP0036-C,cluster_11
BP0037-C,cluster_11
BP0038-C,cluster_11
BP0039-C,cluster_11
BP0040-C,cluster_11
BP0041-C,cluster_11
BP0042-C,cluster_11
BP0043-C,cluster_11
BP0044-C,cluster_11
BP0045-C,cluster_11
BP0046-C,cluster_11
BP0047-C,cluster_11
BP0048-C,cluster_11
BP0049-C,cluster_11
BP0050-C,cluster_11
BP0051-C,cluster_11
BP0052-C,cluster_11
BP0053-C,cluster_11
BP0054-C,cluster_11
BP0055-C,cluster_11
BP0056-C,cluster_11
BP0057-C,cluster_11
BP0058-C,cluster_11
BP0059-C,cluster_11
BP0060-C,cluster_11
BP0061-C,cluster_11
BP0062-C,cluster_11
BP0064-C,cluster_11
BP0065-C,cluster_11
BP0066-C,cluster_11
BP0067-C,cluster_11
BP0069-C,cluster_11
BP0070-C,cluster_11
BP0071-C,cluster_11
BP0072-C,cluster_11
BP0074-C,cluster_11
BP0075-C,cluster_11
BP0076-C,cluster_11
BP0077-C,cluster_11
BP0078-C,cluster_11
BP0079-C,cluster_11
BP0080-C,cluster_11
BP0081-C,cluster_11
BP0001-C,cluster_11
BP0002-C,cluster_11
BP0003-C,cluster_11
BP0004-C,cluster_11
BP0006-C,cluster_11
BP0007-C,cluster_11
BP0008-C,cluster_11
BK0001-C,cluster_13
BK0002-C,cluster_13
BK0003-C,cluster_13
BK0005-C,cluster_13
BK0006-C,cluster_13
BK0007-C,cluster_13
BK0008-C,cluster_13
BK0009-C,cluster_13
BK0010-C,cluster_13
BK0011-C,cluster_13
BK0013-C,cluster_13
BK0014-C,cluster_13
BK0015-C,cluster_13
BK0016-C,cluster_13
BK0017-C,cluster_13
BK0018-C,cluster_13
BK0019-C,cluster_13
BK0021-C,cluster_13
BK0022-C,cluster_13
BK0023-C,cluster_13
BK0024-C,cluster_13
BK0025-C,cluster_13
BK0026-C,cluster_13
BK0027-C,cluster_13
BK0029-C,cluster_13
BK0030-C,cluster_13
BK0031-C,cluster_13
BK0032-C,cluster_13
BK0033-C,cluster_13
BK0034-C,cluster_13
BK0035-C,cluster_13
BK0037-C,cluster_13
BK0038-C,cluster_13
BK0039-C,cluster_13
BK0040-C,cluster_13
BK0041-C,cluster_13
BK0042-C,cluster_13
BK0043-C,cluster_13
BK0045-C,cluster_13
BK0046-C,cluster_13
BK0047-C,cluster_13
BK0048-C,cluster_13
BK0049-C,cluster_13
BK0050-C,cluster_13
BK0051-C,cluster_13
BK0053-C,cluster_13
BK0054-C,cluster_13
BK0055-C,cluster_13
BK0056-C,cluster_13
BK0057-C,cluster_13
BK0058-C,cluster_13
BK0059-C,cluster_13
BK0061-C,cluster_13
BK0062-C,cluster_13
BK0063-C,cluster_13
BK0064-C,cluster_13
BK0065-C,cluster_13
BK0066-C,cluster_13
BK0067-C,cluster_13
BK0069-C,cluster_13
BK0070-C,cluster_13
BK0071-C,cluster_13
BK0072-C,cluster_13
BK0074-C,cluster_13
BK0077-C,cluster_13
BK0078-C,cluster_13
BK0080-C,cluster_13
BK0081-C,cluster_13
BK0082-C,cluster_13
BK0083-C,cluster_13
BK0085-C,cluster_13
BK0086-C,cluster_13
BK0094-CW,cluster_13
AY0072-C,cluster_10
AY0062-C,cluster_10
AY0055-C,cluster_10
AY0034-C,cluster_10
AY0078-C,cluster_10
AY0033-C,cluster_10
AY0064-C,cluster_10
AY0032-C,cluster_10
AY0067-C,cluster_10
AY0059-C,cluster_10
AY0027-C,cluster_10
AY0060-C,cluster_10
AY0061-C,cluster_10
AY0031-C,cluster_10
AY0091-C,cluster_10
AY0052-C,cluster_10
AY0021-C,cluster_10
AY0045-C,cluster_10
AY0068-C,cluster_10
AY0016-C,cluster_10
AY0039-C,cluster_10
AY0042-C,cluster_10
AY0088-C,cluster_10
AY0015-C,cluster_10
AY0020-C,cluster_10
AY0077-C,cluster_10
AY0049-C,cluster_10
AY0029-C,cluster_10
AY0040-C,cluster_10
AY0054-C,cluster_10
AY0046-C,cluster_10
AY0057-C,cluster_10
AY0025-C,cluster_10
AY0069-C,cluster_10
AY0070-C,cluster_10
AY0028-C,cluster_10
AY0073-C,cluster_10
AY0084-C,cluster_10
AY0075-C,cluster_10
AY0014-C,cluster_10
AY0092-C,cluster_10
AY0087-C,cluster_10
AY0044-C,cluster_10
AY0071-C,cluster_10
AY0090-C,cluster_10
AY0026-C,cluster_10
AY0050-C,cluster_10
AY0041-C,cluster_10
AY0085-C,cluster_10
AY0023-C,cluster_10
AY0038-C,cluster_10
AY0007-C,cluster_10
AY0018-C,cluster_10
AY0019-C,cluster_10
AY0086-C,cluster_10
AY0076-C,cluster_10
AY0079-C,cluster_10
AY0082-C,cluster_10
AY0006-C,cluster_10
AY0083-C,cluster_10
AY0063-C,cluster_10
AY0011-C,cluster_10
AY0012-C,cluster_10
AY0047-C,cluster_10
AY0010-C,cluster_10
AY0035-C,cluster_10
AY0074-C,cluster_10
AY0056-C,cluster_10
AY0089-C,cluster_10
AY0048-C,cluster_10
AY0053-C,cluster_10
AY0065-C,cluster_10
AY0066-C,cluster_10
AY0024-C,cluster_10
AY0080-C,cluster_10
AY0017-C,cluster_10
AY0043-C,cluster_10
AY0013-C,cluster_10
AY0036-C,cluster_10
AY0058-C,cluster_10
AN0007-C,cluster_1
AN0008-C,cluster_1
AN0009-C,cluster_1
AN0010-C,cluster_1
AN0011-C,cluster_1
AN0012-C,cluster_1
AN0013-C,cluster_1
AN0014-C,cluster_1
AN0015-C,cluster_1
AN0016-C,cluster_1
AN0017-Cx,cluster_1
AN0018-C,cluster_1
AN0019-C,cluster_1
AN0020-C,cluster_1
AN0021-C,cluster_1
AN0022-C,cluster_1
AN0023-C,cluster_1
AN0024-C,cluster_1
AN0025-Cx,cluster_1
AN0026-Cx,cluster_1
AN0027-C,cluster_1
AN0028-C,cluster_1
AN0029-C,cluster_1
AN0030-C,cluster_1
AN0031-C,cluster_1
AN0032-C,cluster_1
AN0033-C,cluster_1
AN0034-C,cluster_1
AN0035-C,cluster_1
AN0036-C,cluster_1
AN0037-C,cluster_1
AN0038-C,cluster_1
AN0039-C,cluster_1
AN0040-C,cluster_1
AN0041-C,cluster_1
AN0042-C,cluster_1
AN0043-C,cluster_1
AN0044-C,cluster_1
AN0045-C,cluster_1
AN0046-C,cluster_1
AN0047-C,cluster_1
AN0048-C,cluster_1
AN0049-C,cluster_1
AN0050-C,cluster_1
AN0051-C,cluster_1
AN0053-C,cluster_1
AN0054-C,cluster_1
AN0055-C,cluster_1
AN0056-C,cluster_1
AN0057-C,cluster_1
AN0058-C,cluster_1
AN0059-C,cluster_1
AN0060-C,cluster_1
AN0061-Cx,cluster_1
AN0062-C,cluster_1
AN0063-Cx,cluster_1
AN0064-C,cluster_1
AN0065-Cx,cluster_1
AN0066-C,cluster_1
AN0067-Cx,cluster_1
AN0068-Cx,cluster_1
AN0069-C,cluster_1
AN0070-C,cluster_1
AN0071-C,cluster_1
AN0072-Cx,cluster_1
AN0073-C,cluster_1
AN0074-C,cluster_1
AN0075-Cx,cluster_1
AN0076-C,cluster_1
AN0077-C,cluster_1
AN0078-C,cluster_1
AN0079-C,cluster_1
AN0080-C,cluster_1
AN0081-C,cluster_1
AN0082-C,cluster_1
AN0083-C,cluster_1
AN0084-C,cluster_1
AN0085-C,cluster_1
AN0086-C,cluster_1
AN0087-C,cluster_1
AN0088-C,cluster_1
AN0089-C,cluster_1
AN0090-C,cluster_1
AN0091-C,cluster_1
AN0092-C,cluster_1
AN0093-C,cluster_1
AN0094-C,cluster_1
AN0095-C,cluster_1
AN0096-C,cluster_1
AN0097-C,cluster_1
AN0098-C,cluster_1
AN0099-C,cluster_1
AN0100-C,cluster_1
AN0101-Cx,cluster_1
AN0102-C,cluster_1
AN0103-C,cluster_1
AN0104-C,cluster_1
AN0105-C,cluster_1
AN0106-C,cluster_1
AN0107-C,cluster_1
AN0108-C,cluster_1
AN0109-C,cluster_1
AN0111-C,cluster_1
AN0112-Cx,cluster_1
AN0113-C,cluster_1
AN0114-C,cluster_1
AN0115-C,cluster_1
AN0117-C,cluster_1
AN0118-Cx,cluster_1
AN0119-C,cluster_1
AN0120-C,cluster_1
AN0121-Cx,cluster_1
AN0122-C,cluster_1
AN0123-Cx,cluster_1
AN0124-C,cluster_1
AN0125-Cx,cluster_1
AN0126-C,cluster_1
AN0127-Cx,cluster_1
AN0128-C,cluster_1
AN0129-C,cluster_1
AN0130-C,cluster_1
AN0131-C,cluster_1
AN0132-Cx,cluster_1
AN0133-Cx,cluster_1
AN0134-Cx,cluster_1
AN0135-Cx,cluster_1
AN0136-Cx,cluster_1
AN0137-C,cluster_1
AN0138-C,cluster_1
AN0139-C,cluster_1
AN0140-C,cluster_1
AN0141-C,cluster_1
AN0142-C,cluster_1
AN0143-C,cluster_1
AN0144-C,cluster_1
AN0146-C,cluster_1
AN0147-C,cluster_1
AN0148-C,cluster_1
AN0149-C,cluster_1
AN0151-C,cluster_1
AN0152-C,cluster_1
AN0153-C,cluster_1
AN0154-C,cluster_1
AN0155-C,cluster_1
AN0156-C,cluster_1
AN0157-Cx,cluster_1
AN0158-C,cluster_1
AN0159-Cx,cluster_1
AN0160-Cx,cluster_1
AN0162-Cx,cluster_1
AN0163-C,cluster_1
AN0164-C,cluster_1
AN0165-C,cluster_1
AN0166-C,cluster_1
AN0167-C,cluster_1
AN0168-C,cluster_1
AN0169-C,cluster_1
AN0170-C,cluster_1
AN0171-C,cluster_1
AN0172-C,cluster_1
AN0173-C,cluster_1
AN0174-Cx,cluster_1
AN0175-C,cluster_1
AN0176-C,cluster_1
AN0177-C,cluster_1
AN0178-C,cluster_1
AN0179-C,cluster_1
AN0180-C,cluster_1
AN0181-C,cluster_1
AN0182-C,cluster_1
AN0183-C,cluster_1
AN0184-C,cluster_1
AN0185-C,cluster_1
AN0186-Cx,cluster_1
AN0187-C,cluster_1
AN0188-C,cluster_1
AN0189-C,cluster_1
AN0190-C,cluster_1
AN0191-C,cluster_1
AN0192-C,cluster_1
AN0193-Cx,cluster_1
AN0194-C,cluster_1
AN0195-Cx,cluster_1
AN0196-C,cluster_1
AN0197-Cx,cluster_1
AN0198-C,cluster_1
AN0199-C,cluster_1
AN0200-C,cluster_1
AN0201-Cx,cluster_1
AN0202-Cx,cluster_1
AN0203-Cx,cluster_1
AN0204-C,cluster_1
AN0205-C,cluster_1
AN0206-C,cluster_1
AN0207-C,cluster_1
AN0208-C,cluster_1
AN0209-C,cluster_1
AN0210-Cx,cluster_1
AN0212-C,cluster_1
AN0213-C,cluster_1
AN0214-C,cluster_1
AN0215-C,cluster_1
AN0217-C,cluster_1
AN0218-C,cluster_1
AN0219-C,cluster_1
AN0220-C,cluster_1
AN0221-C,cluster_1
AN0222-Cx,cluster_1
AN0223-C,cluster_1
AN0224-Cx,cluster_1
AN0225-Cx,cluster_1
AN0226-Cx,cluster_1
AN0227-Cx,cluster_1
AN0228-C,cluster_1
AN0229-Cx,cluster_1
AN0230-Cx,cluster_1
AN0231-Cx,cluster_1
AN0232-C,cluster_1
AN0233-C,cluster_1
AN0234-C,cluster_1
AN0235-C,cluster_1
AN0236-Cx,cluster_1
AN0237-Cx,cluster_1
AN0238-C,cluster_1
AN0239-C,cluster_1
AN0240-C,cluster_1
AN0241-C,cluster_1
AN0242-C,cluster_1
AN0243-C,cluster_1
AN0244-C,cluster_1
AN0245-C,cluster_1
AN0246-C,cluster_1
AN0247-C,cluster_1
AN0248-C,cluster_1
AN0250-C,cluster_1
AN0251-C,cluster_1
AN0252-C,cluster_1
AN0253-C,cluster_1
AN0254-C,cluster_1
AN0255-C,cluster_1
AN0256-C,cluster_1
AN0258-C,cluster_1
AN0259-Cx,cluster_1
AN0260-C,cluster_1
AN0261-Cx,cluster_1
AN0262-C,cluster_1
AN0263-Cx,cluster_1
AN0264-C,cluster_1
AN0265-C,cluster_1
AN0266-C,cluster_1
AN0267-Cx,cluster_1
AN0268-C,cluster_1
AN0269-C,cluster_1
AN0270-C,cluster_1
AN0271-C,cluster_1
AN0272-C,cluster_1
AN0275-C,cluster_1
AN0276-C,cluster_1
AN0277-C,cluster_1
AN0278-C,cluster_1
AN0279-C,cluster_1
AN0280-C,cluster_1
AN0281-C,cluster_1
AN0282-Cx,cluster_1
AN0283-Cx,cluster_1
AN0284-Cx,cluster_1
AN0285-C,cluster_1
AN0286-Cx,cluster_1
AN0287-Cx,cluster_1
AN0288-Cx,cluster_1
AN0289-C,cluster_1
AN0290-Cx,cluster_1
AN0291-Cx,cluster_1
AN0292-C,cluster_1
AN0293-Cx,cluster_1
AN0294-C,cluster_1
AN0295-C,cluster_1
AN0296-Cx,cluster_1
AN0297-C,cluster_1
AN0298-Cx,cluster_1
AN0299-C,cluster_1
AN0300-C,cluster_1
AN0301-Cx,cluster_1
AN0302-C,cluster_1
AN0303-C,cluster_1
AN0304-C,cluster_1
AN0305-C,cluster_1
AN0306-C,cluster_1
AN0307-C,cluster_1
AN0308-C,cluster_1
AN0309-Cx,cluster_1
AN0310-C,cluster_1
AN0311-C,cluster_1
AN0312-C,cluster_1
AN0313-C,cluster_1
AN0314-C,cluster_1
AN0315-C,cluster_1
AN0316-C,cluster_1
AN0317-C,cluster_1
AN0318-C,cluster_1
AN0319-C,cluster_1
AN0320-C,cluster_1
AN0321-C,cluster_1
AB0293-C,cluster_16
AB0294-C,cluster_16
AB0295-C,cluster_16
AB0297-C,cluster_16
AN0418-C,cluster_16
AN0419-C,cluster_16
AN0421-C,cluster_16
AN0423-C,cluster_16
AN0424-C,cluster_16
AN0425-C,cluster_16
AN0426-C,cluster_16
AN0427-C,cluster_16
AN0428-C,cluster_16
AN0430-C,cluster_16
AN0431-C,cluster_16
AN0433-C,cluster_18
AN0434-C,cluster_18
AN0435-C,cluster_18
AN0436-C,cluster_18
AN0437-C,cluster_18
AN0438-C,cluster_18
AN0440-C,cluster_18
AN0442-C,cluster_18
AN0443-C,cluster_22
AN0444-C,cluster_22
AN0445-C,cluster_22
AN0448-C,cluster_18
AN0449-C,cluster_18
AN0451-C,cluster_18
AN0453-C,cluster_16
AN0454-C,cluster_16
AN0455-C,cluster_16
AN0457-C,cluster_16
AN0458-C,cluster_16
AN0460-C,cluster_16
AN0466-C,cluster_16
AN0468-C,cluster_16
AN0469-C,cluster_16
AN0470-C,cluster_16
AN0471-C,cluster_16
AN0474-C,cluster_16
AN0475-C,cluster_16
AN0476-C,cluster_16
AN0477-C,cluster_16
AN0478-C,cluster_16
AN0479-C,cluster_16
AN0480-C,cluster_16
AN0485-C,cluster_20
AN0486-C,cluster_20
AN0487-C,cluster_20
AN0488-C,cluster_20
AN0492-C,cluster_20
AN0493-C,cluster_16
VBS02039-4431STDY6672907,cluster_23
VBS02040-4431STDY6672908,cluster_23
VBS02041-4431STDY6672909,cluster_23
VBS02042-4431STDY6672910,cluster_23
VBS02043-4431STDY6672911,cluster_23
VBS02044-4431STDY6672912,cluster_22
VBS02045-4431STDY6672913,cluster_18
VBS02046-4431STDY6672914,cluster_18
VBS02047-4431STDY6672915,cluster_24
VBS02048-4431STDY6672916,cluster_24
VBS02003-4431STDY6672871,cluster_16
VBS02004-4431STDY6672872,cluster_16
VBS02005-4431STDY6672873,cluster_16
VBS02006-4431STDY6672874,cluster_16
VBS02007-4431STDY6672875,cluster_16
VBS02008-4431STDY6672876,cluster_16
VBS02009-4431STDY6672877,cluster_16
VBS02010-4431STDY6672878,cluster_20
VBS02011-4431STDY6672879,cluster_20
VBS02012-4431STDY6672880,cluster_20
VBS02014-4431STDY6672882,cluster_20
VBS02015-4431STDY6672883,cluster_20
VBS02016-4431STDY6672884,cluster_20
VBS02017-4431STDY6672885,cluster_20
VBS02018-4431STDY6672886,cluster_20
VBS02020-4431STDY6672888,cluster_20
VBS02021-4431STDY6672889,cluster_20
VBS02022-4431STDY6672890,cluster_20
VBS02023-4431STDY6672891,cluster_20
VBS02024-4431STDY6672892,cluster_20
VBS02025-4431STDY6672893,cluster_20
VBS02026-4431STDY6672894,cluster_20
VBS02027-4431STDY6672895,cluster_20
VBS02028-4431STDY6672896,cluster_20
VBS02029-4431STDY6672897,cluster_20
VBS02030-4431STDY6672898,cluster_23
VBS02031-4431STDY6672899,cluster_23
VBS02032-4431STDY6672900,cluster_23
VBS02033-4431STDY6672901,cluster_23
VBS02034-4431STDY6672902,cluster_23
VBS02035-4431STDY6672903,cluster_23
VBS02036-4431STDY6672904,cluster_23
VBS02037-4431STDY6672905,cluster_23
VBS02038-4431STDY6672906,cluster_23
AN0348-C,cluster_18
AN0402-C,cluster_18
AN0325-C,cluster_23
AN0408-C,cluster_18
AN0344-C,cluster_18
AN0326-C,cluster_23
AN0341-C,cluster_20
AN0338-C,cluster_20
AN0379-C,cluster_23
AN0332-C,cluster_23
AN0585-CW,cluster_22
AN0577-CW,cluster_22
AN0586-CW,cluster_22
AN0601-CW,cluster_18
AN0616-CW,cluster_18
AN0544-CW,cluster_20
AN0578-CW,cluster_22
AN0587-CW,cluster_22
AN0619-CW,cluster_18
AN0579-CW,cluster_22
AN0588-CW,cluster_22
AN0603-CW,cluster_18
AN0580-CW,cluster_22
AN0604-CW,cluster_18
AN0581-CW,cluster_22
AN0590-CW,cluster_24
AN0574-CW,cluster_24
AN0582-CW,cluster_22
AN0607-CW,cluster_18
AN0626-CW,cluster_18
AN0398-CW,cluster_18
AN0621-CW,cluster_18
AN0405-CW,cluster_18
AN0622-CW,cluster_18
AN0633-CW,cluster_24
AN0623-CW,cluster_18
AN0634-CW,cluster_24
AN0624-CW,cluster_18
AN0643-CW,cluster_22
AN0495-CW,cluster_22
AN0499-CW,cluster_22
AN0500-CW,cluster_22
AN0503-CW,cluster_22
AN0511-CW,cluster_24
AP0007-C,cluster_21
AP0021-C,cluster_21
AP0019-C,cluster_21
AP0020-C,cluster_21
AP0009-C,cluster_21
AP0002-C,cluster_21
AP0034-C,cluster_21
AP0035-C,cluster_21
AP0031-C,cluster_21
AP0008-C,cluster_21
AP0011-C,cluster_21
AP0032-C,cluster_21
AP0010-C,cluster_21
AP0025-C,cluster_21
AP0022-C,cluster_21
AP0006-C,cluster_21
AP0030-C,cluster_21
AP0023-C,cluster_21
AP0033-C,cluster_21
AP0005-C,cluster_21
AP0014-Cx,cluster_21
AP0013-Cx,cluster_21
AP0017-Cx,cluster_21
AS0001-C,cluster_14
AS0002-Cx,cluster_14
AS0003-C,cluster_14
AS0004-C,cluster_14
AS0005-C,cluster_14
AS0006-C,cluster_14
AS0007-C,cluster_14
AS0008-Cx,cluster_14
AS0009-C,cluster_14
AS0010-C,cluster_14
AS0011-C,cluster_14
AS0012-C,cluster_14
AS0013-C,cluster_14
AS0014-Cx,cluster_14
AS0015-Cx,cluster_14
AS0016-C,cluster_14
AS0017-C,cluster_14
AS0018-C,cluster_14
AS0019-Cx,cluster_14
AS0020-C,cluster_14
AS0021-C,cluster_14
AS0022-C,cluster_14
AS0023-Cx,cluster_14
AS0024-Cx,cluster_14
AS0026-C,cluster_14
AS0027-Cx,cluster_14
AS0028-C,cluster_14
AS0029-C,cluster_14
AS0030-C,cluster_14
AS0032-C,cluster_14
AS0033-C,cluster_14
AS0034-C,cluster_14
AS0035-Cx,cluster_14
AS0036-C,cluster_14
AS0037-C,cluster_14
AS0039-C,cluster_14
AS0040-C,cluster_14
AS0041-C,cluster_14
AS0042-C,cluster_14
AS0044-Cx,cluster_14
AS0045-Cx,cluster_14
AS0046-C,cluster_14
AS0047-C,cluster_14
AS0048-C,cluster_14
AS0049-C,cluster_14
AS0051-C,cluster_14
AS0052-C,cluster_14
AS0053-C,cluster_14
AS0054-C,cluster_14
AS0055-C,cluster_14
AS0056-C,cluster_14
AS0057-C,cluster_14
AS0058-Cx,cluster_14
AS0059-C,cluster_14
AS0060-C,cluster_14
AS0062-C,cluster_14
AS0064-C,cluster_14
AS0065-C,cluster_14
AS0066-C,cluster_14
AS0068-C,cluster_14
AS0069-C,cluster_14
AS0070-C,cluster_14
AS0071-C,cluster_14
AS0072-Cx,cluster_14
AS0073-C,cluster_14
AS0074-C,cluster_14
AS0076-C,cluster_14
AS0077-C,cluster_14
AS0078-C,cluster_14
AA0052-C,cluster_8
AA0103-C,cluster_8
AA0115-C,cluster_8
AA0050-C,cluster_8
AA0134-C,cluster_8
AA0063-C,cluster_8
AA0040-C,cluster_8
AA0064-C,cluster_8
AA0088-C,cluster_8
AA0100-C,cluster_8
AA0077-C,cluster_8
AA0055-C,cluster_8
AA0116-C,cluster_8
AA0059-C,cluster_8
AA0084-C,cluster_8
AA0066-C,cluster_8
AA0106-C,cluster_8
AA0107-C,cluster_8
AA0060-C,cluster_8
AA0051-C,cluster_8
AA0087-C,cluster_8
AA0065-C,cluster_8
AA0125-C,cluster_8
AA0104-C,cluster_8
AA0119-C,cluster_8
AA0061-C,cluster_8
AA0098-C,cluster_8
AA0112-C,cluster_8
AA0089-C,cluster_8
AA0101-C,cluster_8
AA0113-C,cluster_8
AA0044-C,cluster_8
AA0105-C,cluster_8
AA0070-C,cluster_8
AA0075-C,cluster_8
AA0041-C,cluster_8
AA0042-C,cluster_8
AA0114-C,cluster_8
AA0126-C,cluster_8
AA0093-C,cluster_8
AA0123-C,cluster_8
AA0054-C,cluster_8
AA0128-C,cluster_8
AA0129-C,cluster_8
AA0094-C,cluster_8
AA0118-C,cluster_8
AA0071-C,cluster_8
AA0097-C,cluster_8
AA0092-C,cluster_8
AA0047-C,cluster_8
AA0141-C,cluster_8
AA0039-C,cluster_8
AA0046-C,cluster_8
AA0095-C,cluster_8
AA0120-C,cluster_8
AA0076-C,cluster_8
AA0043-C,cluster_8
AA0127-C,cluster_8
AA0069-C,cluster_8
AA0049-C,cluster_8
AA0133-C,cluster_8
AA0110-C,cluster_8
AA0099-C,cluster_8
AA0111-C,cluster_8
AA0090-C,cluster_8
AA0067-C,cluster_8
AA0117-C,cluster_8
AA0131-C,cluster_8
AA0096-C,cluster_8
AA0053-C,cluster_8
AA0102-C,cluster_8
AA0130-C,cluster_8
AA0132-C,cluster_8
AA0085-C,cluster_8
AA0048-C,cluster_8
AA0056-C,cluster_8
AA0068-C,cluster_8
AA0058-C,cluster_8
AA0073-C,cluster_8
AA0062-C,cluster_8
AA0074-C,cluster_8
AA0138-C,cluster_8
AA0091-C,cluster_8
AA0081-C,cluster_8
AA0082-C,cluster_8
AA0109-C,cluster_8
AA0122-C,cluster_8
AA0137-C,cluster_8
AA0140-C,cluster_8
AA0079-C,cluster_8
AA0080-C,cluster_8
AA0086-C,cluster_8
AA0136-C,cluster_8
AA0139-C,cluster_8
AA0057-C,cluster_8
AA0135-C,cluster_8
AA0124-C,cluster_8
AA0045-C,cluster_8
AA0072-C,cluster_8
AA0108-C,cluster_8
AG0147-C,cluster_0
AG0159-C,cluster_0
AG0232-C,cluster_0
AG0129-C,cluster_0
AG0153-C,cluster_0
AG0163-C,cluster_0
AG0200-C,cluster_0
AG0209-C,cluster_0
AG0229-C,cluster_0
AG0230-C,cluster_0
AG0098-C,cluster_0
AG0104-C,cluster_0
AG0106-C,cluster_0
AG0120-C,cluster_0
AG0136-C,cluster_0
AG0141-C,cluster_0
AG0145-C,cluster_0
AG0148-C,cluster_0
AG0172-C,cluster_0
AG0179-C,cluster_0
AG0223-C,cluster_0
AG0118-C,cluster_0
AG0119-C,cluster_0
AG0121-C,cluster_0
AG0133-C,cluster_0
AG0134-C,cluster_0
AG0138-C,cluster_0
AG0227-C,cluster_0
AG0231-C,cluster_0
AG0102-C,cluster_0
AG0108-C,cluster_0
AG0123-C,cluster_0
AG0128-C,cluster_0
AG0137-C,cluster_0
AG0139-C,cluster_0
AG0143-C,cluster_0
AG0162-C,cluster_0
AG0170-C,cluster_0
AG0181-C,cluster_0
AG0085-C,cluster_0
AG0096-C,cluster_0
AG0126-C,cluster_0
AG0152-C,cluster_0
AG0183-C,cluster_0
AG0208-C,cluster_0
AG0214-C,cluster_0
AG0226-C,cluster_0
AG0127-C,cluster_0
AG0130-C,cluster_0
AG0135-C,cluster_0
AG0144-C,cluster_0
AG0156-C,cluster_0
AG0206-C,cluster_0
AG0221-C,cluster_0
AG0234-C,cluster_0
AG0082-C,cluster_0
AG0097-C,cluster_0
AG0100-C,cluster_0
AG0109-C,cluster_0
AG0124-C,cluster_0
AG0142-C,cluster_0
AG0146-C,cluster_0
AG0169-C,cluster_0
AG0178-C,cluster_0
AG0195-C,cluster_0
AG0089-C,cluster_0
AG0111-C,cluster_0
AG0125-C,cluster_0
AG0197-C,cluster_0
AG0202-C,cluster_0
AG0203-C,cluster_0
AG0204-C,cluster_0
AG0225-C,cluster_0
AG0263-C,cluster_0
AG0382-CW,cluster_0
AG0383-CW,cluster_0
AG0386-CW,cluster_0
AG0390-CW,cluster_0
AG0394-CW,cluster_0
AG0395-CW,cluster_0
AG0396-CW,cluster_0
AG0403-CW,cluster_0
AG0404-CW,cluster_0
AG0405-CW,cluster_0
AG0406-CW,cluster_0
AG0410-CW,cluster_0
AG0411-CW,cluster_0
AG0412-CW,cluster_0
AG0415-CW,cluster_0
AG0416-CW,cluster_0
AG0418-CW,cluster_0
AG0420-CW,cluster_0
AG0422-CW,cluster_0
AG0423-CW,cluster_0
AG0442-CW,cluster_0
AG0443-CW,cluster_0
AG0445-CW,cluster_0
AG0446-CW,cluster_0
AG0448-CW,cluster_0
AG0450-CW,cluster_0
AG0451-CW,cluster_0
AG0454-CW,cluster_0
AG0455-CW,cluster_0
AG0456-CW,cluster_0
AG0460-CW,cluster_0
AG0001-C,cluster_0
AG0003-C,cluster_0
AG0004-C,cluster_0
AG0006-C,cluster_0
AG0010-C,cluster_0
AG0045-C,cluster_0
AG0047-C,cluster_0
AG0052-C,cluster_0
AG0055-C,cluster_0
AG0056-C,cluster_0
AG0058-C,cluster_0
AG0061-C,cluster_0
AG0002-C,cluster_0
AG0005-C,cluster_0
AG0014-C,cluster_0
AG0015-C,cluster_0
AG0018-C,cluster_0
AG0019-C,cluster_0
AG0024-C,cluster_0
AG0028-C,cluster_0
AG0049-C,cluster_0
AG0051-C,cluster_0
AG0064-C,cluster_0
AG0009-C,cluster_0
AG0035-C,cluster_0
AG0037-C,cluster_0
AG0038-C,cluster_0
AG0039-C,cluster_0
AG0043-C,cluster_0
AG0068-C,cluster_0
AG0071-C,cluster_0
AG0072-C,cluster_0
AG0074-C,cluster_0
AG0075-C,cluster_0
AG0077-C,cluster_0
AG0007-C,cluster_0
AG0012-C,cluster_0
AG0013-C,cluster_0
AG0016-C,cluster_0
AG0029-C,cluster_0
AG0031-C,cluster_0
AG0044-C,cluster_0
AG0054-C,cluster_0
AG0060-C,cluster_0
AG0063-C,cluster_0
AG0065-C,cluster_0
AG0069-C,cluster_0
AG0011-C,cluster_0
AG0020-C,cluster_0
AG0022-C,cluster_0
AG0023-C,cluster_0
AG0025-C,cluster_0
AG0027-C,cluster_0
AG0032-C,cluster_0
AG0048-C,cluster_0
AG0059-C,cluster_0
AG0062-C,cluster_0
AG0066-C,cluster_0
AG0076-C,cluster_0
AG0021-C,cluster_0
AG0033-C,cluster_0
AG0040-C,cluster_0
AG0041-C,cluster_0
AG0042-C,cluster_0
AG0050-C,cluster_0
AG0053-C,cluster_0
AG0067-C,cluster_0
AG0375-C,cluster_0
AG0290-C,cluster_0
AG0330-C,cluster_0
AG0314-C,cluster_0
AG0279-C,cluster_0
AG0289-C,cluster_0
AG0352-C,cluster_0
AG0356-C,cluster_0
AG0307-C,cluster_0
AG0359-C,cluster_0
AG0310-C,cluster_0
AG0293-C,cluster_0
AG0327-C,cluster_0
AG0337-C,cluster_0
AG0366-C,cluster_0
AG0270-C,cluster_0
AG0334-C,cluster_0
AG0273-C,cluster_0
AG0306-C,cluster_0
AG0329-C,cluster_0
AG0344-C,cluster_0
AG0296-C,cluster_0
AG0285-C,cluster_0
AG0304-C,cluster_0
AG0349-C,cluster_0
AG0320-C,cluster_0
AG0323-C,cluster_0
AG0373-C,cluster_0
AG0298-C,cluster_0
AG0369-C,cluster_0
AG0283-C,cluster_0
AG0275-C,cluster_0
AG0272-C,cluster_0
AG0299-C,cluster_0
AG0315-C,cluster_0
AG0353-C,cluster_0
AG0318-C,cluster_0
AG0317-C,cluster_0
AG0374-C,cluster_0
AG0360-C,cluster_0
AG0341-C,cluster_0
AG0302-C,cluster_0
AG0357-C,cluster_0
AG0284-C,cluster_0
AG0324-C,cluster_0
AG0342-C,cluster_0
AG0287-C,cluster_0
AG0351-C,cluster_0
AG0377-C,cluster_0
AG0281-C,cluster_0
AG0371-C,cluster_0
AG0277-C,cluster_0
AG0339-C,cluster_0
AG0336-C,cluster_0
AG0348-C,cluster_0
AG0295-C,cluster_0
AG0326-C,cluster_0
AG0319-C,cluster_0
AG0300-C,cluster_0
AG0367-C,cluster_0
AG0274-C,cluster_0
AG0343-C,cluster_0
AG0358-C,cluster_0
AG0335-C,cluster_0
AG0346-C,cluster_0
AG0294-C,cluster_0
AG0354-C,cluster_0
AG0368-C,cluster_0
AG0311-C,cluster_0
AG0355-C,cluster_0
AG0332-C,cluster_0
AG0361-C,cluster_0
AG0305-C,cluster_0
AG0363-C,cluster_0
AG0331-C,cluster_0
AG0309-C,cluster_0
AG0333-C,cluster_0
AG0338-C,cluster_0
AG0350-C,cluster_0
AG0321-C,cluster_0
AG0278-C,cluster_0
AG0308-C,cluster_0
AG0376-C,cluster_0
AG0370-C,cluster_0
AG0372-C,cluster_0
AG0325-C,cluster_0
AG0292-C,cluster_0
AG0297-C,cluster_0
AG0282-C,cluster_0
AG0347-C,cluster_0
AG0364-C,cluster_0
AG0328-C,cluster_0
AG0286-C,cluster_0
AG0365-C,cluster_0
AG0276-C,cluster_0
AG0271-C,cluster_0
AG0345-C,cluster_0
AG0291-C,cluster_0
AG0362-C,cluster_0
AG0340-C,cluster_0
AG0288-C,cluster_0
AG0322-C,cluster_0
AG0312-C,cluster_0
AG0316-C,cluster_0
AG0303-C,cluster_0
AG0301-C,cluster_0
AG0313-C,cluster_0
AV0043-C,cluster_6
AV0036-C,cluster_6
AV0025-C,cluster_6
AV0037-C,cluster_6
AV0026-C,cluster_6
AV0006-C,cluster_6
AV0008-C,cluster_6
AV0015-C,cluster_6
AV0010-C,cluster_6
AV0032-C,cluster_6
AV0007-C,cluster_6
AV0035-C,cluster_6
AV0012-C,cluster_6
AV0024-C,cluster_6
AV0031-C,cluster_6
AV0002-C,cluster_6
AV0014-C,cluster_6
AV0013-C,cluster_6
AV0005-C,cluster_6
AV0011-C,cluster_6
AV0027-C,cluster_6
AV0018-C,cluster_6
AV0047-C,cluster_6
AV0038-C,cluster_6
AV0040-C,cluster_6
AV0039-C,cluster_6
AV0009-C,cluster_6
AV0001-C,cluster_6
AV0041-C,cluster_6
AV0033-C,cluster_6
AV0045-C,cluster_6
AV0017-C,cluster_6
AV0022-C,cluster_6
AV0020-C,cluster_6
AV0021-C,cluster_6
AV0028-C,cluster_6
AV0023-C,cluster_6
AV0042-Cx,cluster_6
AV0044-Cx,cluster_6
AV0004-Cx,cluster_6
AV0030-Cx,cluster_6
AV0046-Cx,cluster_6
AV0029-Cx,cluster_6
AV0034-Cx,cluster_6
AV0003-Cx,cluster_6
AV0069-CW,cluster_6
AV0126-CW,cluster_6
AV0209-CW,cluster_6
AV0235-CW,cluster_6
AV0132-C,cluster_6
AV0061-C,cluster_6
AV0109-C,cluster_6
AV0074-C,cluster_6
AV0086-C,cluster_6
AV0098-C,cluster_6
AV0134-C,cluster_6
AV0113-C,cluster_6
AV0137-C,cluster_6
AV0078-C,cluster_6
AV0055-C,cluster_6
AV0067-C,cluster_6
AV0091-C,cluster_6
AV0115-C,cluster_6
AV0068-C,cluster_6
AV0080-C,cluster_6
AV0092-C,cluster_6
AV0104-C,cluster_6
AV0116-C,cluster_6
AV0128-C,cluster_6
AV0140-C,cluster_6
AV0129-C,cluster_6
AV0141-C,cluster_6
AV0058-C,cluster_6
AV0070-C,cluster_6
AV0082-C,cluster_6
AV0094-C,cluster_6
AV0106-C,cluster_6
AV0130-C,cluster_6
AV0059-C,cluster_6
AV0083-C,cluster_6
AV0095-C,cluster_6
AV0107-C,cluster_6
AV0119-C,cluster_6
AV0131-C,cluster_6
AV0142-C,cluster_6
AV0154-C,cluster_6
AV0226-C,cluster_6
AV0143-C,cluster_6
AV0179-C,cluster_6
AV0191-C,cluster_6
AV0180-C,cluster_6
AV0192-C,cluster_6
AV0170-C,cluster_6
AV0194-C,cluster_6
AV0206-C,cluster_6
AV0218-C,cluster_6
AV0171-C,cluster_6
AV0195-C,cluster_6
AV0207-C,cluster_6
AV0330-C,cluster_5
AV0342-C,cluster_5
AV0354-C,cluster_5
AV0366-C,cluster_5
AV0377-C,cluster_5
AV0387-C,cluster_5
AV0407-C,cluster_5
AV0331-C,cluster_5
AV0367-C,cluster_5
AV0378-C,cluster_5
AV0408-C,cluster_5
AV0332-C,cluster_5
AV0344-C,cluster_5
AV0356-C,cluster_5
AV0368-C,cluster_5
AV0389-C,cluster_5
AV0409-C,cluster_5
AV0333-C,cluster_5
AV0380-C,cluster_5
AV0390-C,cluster_5
AV0400-C,cluster_5
AV0410-C,cluster_5
AV0334-C,cluster_5
AV0346-C,cluster_5
AV0358-C,cluster_5
AV0381-C,cluster_5
AV0391-C,cluster_5
AV0401-C,cluster_5
AV0335-C,cluster_5
AV0347-C,cluster_5
AV0359-C,cluster_5
AV0371-C,cluster_5
AV0382-C,cluster_5
AV0392-C,cluster_5
AV0402-C,cluster_5
AV0412-C,cluster_5
AV0336-C,cluster_5
AV0360-C,cluster_5
AV0372-C,cluster_5
AV0383-C,cluster_5
AV0393-C,cluster_5
AV0403-C,cluster_5
AV0337-C,cluster_5
AV0349-C,cluster_5
AV0361-C,cluster_5
AV0373-C,cluster_5
AV0384-C,cluster_5
AV0394-C,cluster_5
AV0404-C,cluster_5
AV0414-C,cluster_5
AV0338-C,cluster_5
AV0350-C,cluster_5
AV0362-C,cluster_5
AV0405-C,cluster_5
AV0415-C,cluster_5
AV0351-C,cluster_5
AV0363-C,cluster_5
AV0375-C,cluster_5
AV0386-C,cluster_5
AV0396-C,cluster_5
AV0406-C,cluster_5
AV0340-C,cluster_5
AV0352-C,cluster_6
AV0364-C,cluster_6
AV0376-C,cluster_5
AV0341-C,cluster_6
AV0353-C,cluster_6
AV0219-C,cluster_6
AV0231-C,cluster_6
AV0160-C,cluster_6
AV0196-C,cluster_6
AV0208-C,cluster_6
AV0220-C,cluster_6
AV0232-C,cluster_6
AV0149-C,cluster_6
AV0161-C,cluster_6
AV0173-C,cluster_6
AV0185-C,cluster_6
AV0150-C,cluster_6
AV0162-C,cluster_6
AV0174-C,cluster_6
AV0186-C,cluster_6
AV0198-C,cluster_6
AV0210-C,cluster_6
AV0222-C,cluster_6
AV0234-C,cluster_6
AV0199-C,cluster_6
AV0211-C,cluster_6
AV0223-C,cluster_6
AV0152-C,cluster_6
AV0164-C,cluster_6
AV0176-C,cluster_6
AV0188-C,cluster_6
AV0200-C,cluster_6
AV0165-C,cluster_6
AV0177-C,cluster_6
AV0189-C,cluster_6
AV0201-C,cluster_6
AV0213-C,cluster_6
AV0225-C,cluster_6
AV0236-C,cluster_5
AV0248-C,cluster_5
AV0308-C,cluster_5
AV0320-C,cluster_5
AV0237-C,cluster_5
AV0249-C,cluster_5
AV0285-C,cluster_5
AV0297-C,cluster_5
AV0262-C,cluster_5
AV0263-C,cluster_5
AV0275-C,cluster_5
AV0287-C,cluster_5
AV0323-C,cluster_5
AV0241-C,cluster_5
AV0253-C,cluster_5
AV0265-C,cluster_5
AV0277-C,cluster_5
AV0325-C,cluster_5
AV0254-C,cluster_5
AV0278-C,cluster_5
AV0314-C,cluster_5
AV0243-C,cluster_5
AV0255-C,cluster_5
AV0303-C,cluster_5
AV0268-C,cluster_5
AV0280-C,cluster_5
AV0292-C,cluster_5
AV0304-C,cluster_5
AV0245-C,cluster_5
AV0293-C,cluster_5
AV0305-C,cluster_5
AQ0009-C,cluster_24
AQ0001-C,cluster_24
AQ0002-C,cluster_24
AQ0005-C,cluster_24
AQ0004-C,cluster_24
AQ0015-C,cluster_24
AQ0011-C,cluster_24
AQ0012-C,cluster_24
AQ0014-C,cluster_24
AQ0013-C,cluster_24
AJ0023-C,cluster_0
AJ0024-C,cluster_0
AJ0032-C,cluster_0
AJ0035-C,cluster_0
AJ0036-C,cluster_0
AJ0037-C,cluster_0
AJ0039-C,cluster_0
AJ0043-C,cluster_0
AJ0044-C,cluster_0
AJ0045-C,cluster_0
AJ0047-C,cluster_0
AJ0051-C,cluster_0
AJ0052-C,cluster_0
AJ0056-C,cluster_0
AJ0059-C,cluster_0
AJ0061-C,cluster_0
AJ0063-C,cluster_0
AJ0064-C,cluster_0
AJ0066-C,cluster_0
AJ0071-C,cluster_0
AJ0072-C,cluster_0
AJ0074-C,cluster_0
AJ0075-C,cluster_0
AJ0076-C,cluster_0
AJ0077-C,cluster_0
AJ0078-C,cluster_0
AJ0079-C,cluster_0
AJ0081-C,cluster_0
AJ0084-C,cluster_0
AJ0085-C,cluster_0
AJ0086-C,cluster_0
AJ0088-C,cluster_0
AJ0090-C,cluster_0
AJ0092-C,cluster_0
AJ0093-C,cluster_0
AJ0095-C,cluster_0
AJ0096-C,cluster_0
AJ0097-C,cluster_0
AJ0098-C,cluster_0
AJ0100-C,cluster_0
AJ0102-C,cluster_0
AJ0103-C,cluster_0
AJ0105-C,cluster_0
AJ0107-C,cluster_0
AJ0109-C,cluster_0
AJ0113-C,cluster_0
AJ0115-C,cluster_0
AJ0116-C,cluster_0
AJ0099-C,cluster_0
AJ0117-C,cluster_0
AJ0070-Cx,cluster_0
AJ0101-Cx,cluster_0
AJ0120-C,cluster_0
AJ0121-C,cluster_0
AJ0122-C,cluster_0
AJ0123-C,cluster_0
AJ0124-C,cluster_0
AJ0125-C,cluster_0
AJ0126-C,cluster_0
AJ0127-C,cluster_0
AJ0128-C,cluster_0
AJ0129-C,cluster_0
AJ0130-C,cluster_0
AJ0131-C,cluster_0
AJ0132-C,cluster_0
AJ0133-C,cluster_0
AJ0134-C,cluster_0
AJ0135-C,cluster_0
AJ0136-C,cluster_0
AJ0137-C,cluster_0
AJ0138-C,cluster_0
AJ0139-C,cluster_0
AJ0140-C,cluster_0
AJ0141-C,cluster_0
AJ0142-C,cluster_0
AJ0143-C,cluster_0
AJ0144-C,cluster_0
AJ0145-C,cluster_0
AJ0146-C,cluster_0
AJ0147-C,cluster_0
AJ0148-C,cluster_0
AJ0149-C,cluster_0
AJ0150-C,cluster_0
AJ0151-C,cluster_0
AJ0152-C,cluster_0
AJ0153-C,cluster_0
AJ0154-C,cluster_0
AJ0155-C,cluster_0
AJ0156-C,cluster_0
AJ0157-C,cluster_0
AJ0158-C,cluster_0
AJ0159-C,cluster_0
AJ0161-C,cluster_0
AJ0028-C,cluster_0
AJ0038-C,cluster_0
AJ0049-C,cluster_0
AJ0060-C,cluster_0
AJ0068-C,cluster_0
AJ0080-C,cluster_0
AJ0087-C,cluster_0
AJ0119-C,cluster_0
AK0041-C,cluster_7
AK0042-C,cluster_7
AK0043-C,cluster_7
AK0044-C,cluster_7
AK0046-C,cluster_7
AK0047-C,cluster_7
AK0049-C,cluster_7
AK0050-C,cluster_7
AK0051-C,cluster_7
AK0052-C,cluster_7
AK0054-C,cluster_7
AK0055-C,cluster_7
AK0056-C,cluster_7
AK0062-C,cluster_7
AK0063-C,cluster_7
AK0065-C,cluster_7
AK0067-C,cluster_7
AK0068-C,cluster_7
AK0069-C,cluster_7
AK0070-C,cluster_7
AK0071-C,cluster_7
AK0072-C,cluster_7
AK0073-C,cluster_7
AK0076-C,cluster_7
AK0077-C,cluster_7
AK0078-C,cluster_7
AK0079-C,cluster_7
AK0081-C,cluster_7
AK0082-C,cluster_7
AK0083-C,cluster_7
AK0085-C,cluster_7
AK0086-C,cluster_7
AK0087-C,cluster_7
AK0088-C,cluster_7
AK0089-C,cluster_7
AK0091-C,cluster_7
AK0093-C,cluster_7
AK0094-C,cluster_7
AK0095-C,cluster_7
AK0096-C,cluster_7
AK0098-C,cluster_7
AK0099-C,cluster_7
AK0101-C,cluster_7
AK0102-C,cluster_7
AK0104-C,cluster_7
AK0105-C,cluster_7
AK0106-C,cluster_7
AK0107-C,cluster_7
AK0108-C,cluster_7
AK0110-C,cluster_7
AK0116-C,cluster_7
AK0117-C,cluster_7
AK0119-C,cluster_7
AK0127-C,cluster_7
AK0045-Cx,cluster_7
AK0057-Cx,cluster_7
AK0060-C,cluster_7
AK0066-Cx,cluster_7
AK0075-Cx,cluster_7
AK0090-Cx,cluster_7
AK0092-Cx,cluster_7
AK0100-Cx,cluster_7
AK0103-Cx,cluster_7
AK0109-Cx,cluster_7
AK0177-C,cluster_7
AK0203-C,cluster_7
AK0207-C,cluster_7
AK0211-C,cluster_7
AK0212-C,cluster_7
AK0213-C,cluster_7
AK0214-C,cluster_7
AK0215-C,cluster_7
AK0226-C,cluster_7
AK0235-C,cluster_7
AK0236-C,cluster_7
AK0237-C,cluster_7
AK0238-C,cluster_7
AK0239-C,cluster_7
AK0274-C,cluster_7
AK0278-C,cluster_7
AK0279-C,cluster_7
AK0280-C,cluster_7
AK0281-C,cluster_7
AK0284-C,cluster_7
AK0298-C,cluster_7
AK0299-C,cluster_7
AZ0292-C,cluster_5
AZ0293-C,cluster_5
AZ0294-C,cluster_5
AZ0295-C,cluster_5
AZ0296-C,cluster_5
AZ0297-C,cluster_5
AZ0298-C,cluster_5
AZ0300-C,cluster_5
AZ0301-C,cluster_5
AZ0302-C,cluster_5
AZ0304-C,cluster_5
AZ0305-C,cluster_5
AZ0306-C,cluster_5
AZ0307-C,cluster_5
AZ0308-C,cluster_5
AZ0309-C,cluster_5
AZ0310-C,cluster_5
AZ0311-C,cluster_5
AZ0313-C,cluster_5
AZ0314-C,cluster_5
AZ0316-C,cluster_5
AZ0317-C,cluster_5
AZ0318-C,cluster_5
AZ0319-C,cluster_5
AZ0320-C,cluster_5
AZ0321-C,cluster_5
AZ0322-C,cluster_5
AZ0323-C,cluster_5
AZ0325-C,cluster_5
AZ0326-C,cluster_5
AZ0328-C,cluster_5
AZ0329-C,cluster_5
AZ0330-C,cluster_5
AZ0331-C,cluster_5
AZ0332-C,cluster_5
AZ0333-C,cluster_5
AZ0284-C,cluster_5
AZ0287-C,cluster_5
AZ0289-C,cluster_5
AZ0290-C,cluster_5
AZ0291-C,cluster_5
AZ0312-C,cluster_5
AZ0334-C,cluster_5
AZ0336-C,cluster_5
AZ0337-C,cluster_5
AZ0338-C,cluster_5
AZ0339-C,cluster_5
AZ0340-C,cluster_5
AZ0341-C,cluster_5
AZ0342-C,cluster_5
AZ0343-C,cluster_5
AZ0344-C,cluster_5
AZ0350-C,cluster_5
AZ0425-CW,cluster_5
AZ0433-CW,cluster_5
AZ0434-CW,cluster_5
AZ0416-CW,cluster_5
AZ0444-CW,cluster_5
AZ0484-CW,cluster_5
AZ0459-CW,cluster_5
AZ0253-C,cluster_5
AZ0254-C,cluster_5
AZ0255-C,cluster_5
AZ0256-C,cluster_5
AZ0258-C,cluster_5
AZ0259-C,cluster_5
AZ0260-C,cluster_5
AZ0261-C,cluster_5
AZ0263-C,cluster_5
AZ0267-C,cluster_19
AZ0268-C,cluster_19
AZ0269-C,cluster_19
AZ0270-C,cluster_19
AZ0271-C,cluster_19
AZ0272-C,cluster_5
AZ0273-C,cluster_5
AZ0274-C,cluster_5
AZ0275-C,cluster_5
AZ0276-C,cluster_5
AZ0277-C,cluster_5
AZ0278-C,cluster_5
AZ0279-C,cluster_5
AZ0280-C,cluster_19
AZ0281-C,cluster_19
AZ0282-C,cluster_19
AZ0283-C,cluster_5
VBS02049-4431STDY6672917,cluster_19
VBS02050-4431STDY6672918,cluster_19
VBS02051-4431STDY6672919,cluster_5
VBS02052-4431STDY6672920,cluster_19
VBS02054-4431STDY6672922,cluster_19
VBS02055-4431STDY6672923,cluster_5
VBS02056-4431STDY6672924,cluster_19
VBS02057-4431STDY6672925,cluster_19
VBS02058-4431STDY6672926,cluster_19
VBS02059-4431STDY6672927,cluster_5
VBS02060-4431STDY6672928,cluster_5
VBS02061-4431STDY6672929,cluster_19
VBS02062-4431STDY6672930,cluster_19
VBS02063-4431STDY6672931,cluster_19
VBS02064-4431STDY6672932,cluster_19
VBS02065-4431STDY6672933,cluster_19
VBS02066-4431STDY6672934,cluster_19
VBS02067-4431STDY6672935,cluster_19
VBS02068-4431STDY6672936,cluster_19
VBS02069-4431STDY6672937,cluster_19
VBS02070-4431STDY6672938,cluster_19
VBS02071-4431STDY6672939,cluster_19
VBS02072-4431STDY6672940,cluster_19
VBS02073-4431STDY6672941,cluster_19
VBS02077-4431STDY6772805,cluster_5
VBS02083-4431STDY6772806,cluster_5
VBS02088-4431STDY6772808,cluster_5
VBS02090-4431STDY6772809,cluster_5
VBS02093-4431STDY6772811,cluster_5
VBS02094-4431STDY6772812,cluster_5
VBS02095-4431STDY6772813,cluster_5
VBS02097-4431STDY6772815,cluster_5
VBS02101-4431STDY6772818,cluster_5
VBS02103-4431STDY6772819,cluster_5
VBS02104-4431STDY6772820,cluster_5
VBS02106-4431STDY6772821,cluster_5
VBS02107-4431STDY6772822,cluster_5
VBS02109-4431STDY6772823,cluster_5
VBS02110-4431STDY6772824,cluster_5
VBS02112-4431STDY6772826,cluster_5
VBS02119-4431STDY6772831,cluster_5
VBS02121-4431STDY6772832,cluster_5
VBS02127-4431STDY6772833,cluster_5
VBS02129-4431STDY6772835,cluster_5
VBS02130-4431STDY6772836,cluster_5
AZ0152-C,cluster_15
AZ0153-C,cluster_15
AZ0155-C,cluster_15
AZ0156-C,cluster_15
AZ0157-C,cluster_15
AZ0158-C,cluster_15
AZ0159-C,cluster_15
AZ0160-C,cluster_15
AZ0161-C,cluster_15
AZ0164-C,cluster_15
AZ0165-C,cluster_15
AZ0166-C,cluster_15
AZ0167-C,cluster_15
AZ0168-C,cluster_15
AZ0170-C,cluster_15
AZ0172-C,cluster_15
AZ0174-C,cluster_15
AZ0175-C,cluster_15
AZ0176-C,cluster_15
AZ0179-C,cluster_15
AZ0180-C,cluster_15
AZ0181-C,cluster_15
AZ0182-C,cluster_15
AZ0183-C,cluster_15
AZ0184-C,cluster_15
AZ0185-C,cluster_15
AZ0186-C,cluster_15
AZ0187-C,cluster_15
AZ0188-C,cluster_15
AZ0191-C,cluster_15
AZ0192-C,cluster_15
AZ0199-C,cluster_15
AZ0200-C,cluster_15
AZ0201-C,cluster_15
AZ0202-C,cluster_15
AZ0223-C,cluster_15
AZ0226-C,cluster_15
AZ0242-C,cluster_15
AZ0246-C,cluster_15
AZ0247-C,cluster_15
AZ0251-C,cluster_15
BQ0046-C,cluster_12
BQ0047-C,cluster_12
BQ0049-C,cluster_12
BQ0050-C,cluster_12
BQ0051-C,cluster_12
BQ0052-C,cluster_12
BQ0053-C,cluster_12
BQ0054-C,cluster_12
BQ0055-C,cluster_12
BQ0056-C,cluster_12
BQ0057-C,cluster_12
BQ0058-C,cluster_12
BQ0059-C,cluster_12
BQ0060-C,cluster_12
BQ0062-C,cluster_12
BQ0064-C,cluster_12
BQ0065-C,cluster_12
BQ0066-C,cluster_12
BQ0067-C,cluster_12
BQ0068-C,cluster_12
BQ0069-C,cluster_12
BQ0070-C,cluster_12
BQ0071-C,cluster_12
BQ0072-C,cluster_12
BQ0073-C,cluster_12
BQ0074-C,cluster_12
BQ0075-C,cluster_12
BQ0076-C,cluster_12
BQ0077-C,cluster_12
BQ0078-C,cluster_12
BQ0079-C,cluster_12
BQ0080-C,cluster_12
BQ0081-C,cluster_12
BQ0082-C,cluster_12
BQ0083-C,cluster_12
BQ0084-C,cluster_12
BQ0085-C,cluster_12
BQ0086-C,cluster_12
BQ0087-C,cluster_12
BQ0088-C,cluster_12
BQ0089-C,cluster_12
BQ0090-C,cluster_12
BQ0091-C,cluster_12
BQ0092-C,cluster_12
BQ0093-C,cluster_12
BQ0094-C,cluster_12
BQ0095-C,cluster_12
BQ0096-C,cluster_12
BQ0097-C,cluster_12
BQ0098-C,cluster_12
BQ0099-C,cluster_12
BQ0100-C,cluster_12
BQ0102-C,cluster_12
BQ0103-C,cluster_12
BQ0106-C,cluster_12
BQ0107-C,cluster_12
BQ0108-C,cluster_12
BQ0109-C,cluster_12
BQ0110-C,cluster_12
BQ0111-C,cluster_12
BQ0114-C,cluster_12
BQ0115-C,cluster_12
BQ0116-C,cluster_12
BQ0117-C,cluster_12
BQ0118-C,cluster_12
BQ0119-C,cluster_12
BQ0120-C,cluster_12
BQ0121-C,cluster_12
BQ0122-C,cluster_12
BQ0123-C,cluster_12
BQ0125-C,cluster_12
BQ0126-C,cluster_12
BQ0129-C,cluster_12
BQ0130-C,cluster_12
BL0046-C,cluster_3
BL0047-C,cluster_3
BL0048-C,cluster_3
BL0049-C,cluster_3
BL0050-C,cluster_3
BL0052-C,cluster_3
BL0054-C,cluster_3
BL0055-C,cluster_3
BL0058-C,cluster_3
BL0059-C,cluster_3
BL0060-C,cluster_3
BL0061-C,cluster_3
BL0062-C,cluster_3
BL0063-C,cluster_3
BL0065-C,cluster_3
BL0067-C,cluster_3
BL0068-C,cluster_3
BL0069-C,cluster_3
BL0070-C,cluster_3
BL0071-C,cluster_3
BL0072-C,cluster_3
BL0073-C,cluster_3
BL0074-C,cluster_3
BL0075-C,cluster_3
BL0076-C,cluster_3
BL0078-C,cluster_3
BL0079-C,cluster_3
BL0081-C,cluster_3
BL0082-C,cluster_3
BL0083-C,cluster_3
BL0084-C,cluster_3
BL0085-C,cluster_3
BL0086-C,cluster_3
BL0087-C,cluster_3
BL0088-C,cluster_3
BL0089-C,cluster_3
BL0090-C,cluster_3
BL0091-C,cluster_3
BL0092-C,cluster_3
BL0093-C,cluster_3
BL0094-C,cluster_3
BL0095-C,cluster_3
BL0096-C,cluster_3
BL0097-C,cluster_3
BL0099-C,cluster_3
BL0100-C,cluster_3
BL0101-C,cluster_3
BL0102-C,cluster_3
BL0103-C,cluster_3
BL0105-C,cluster_3
BL0106-C,cluster_3
BL0107-C,cluster_3
BL0108-C,cluster_3
BL0109-C,cluster_3
BL0110-C,cluster_3
BL0111-C,cluster_3
BL0112-C,cluster_3
BL0113-C,cluster_3
BL0114-C,cluster_3
BL0115-C,cluster_3
BL0116-C,cluster_3
BL0117-C,cluster_3
BL0118-C,cluster_3
BL0194-C,cluster_3
BL0195-C,cluster_3
BL0196-C,cluster_3
BL0197-C,cluster_3
BL0198-C,cluster_3
BL0199-C,cluster_3
BL0200-C,cluster_3
BL0201-C,cluster_3
BL0202-C,cluster_3
BL0203-C,cluster_3
BL0204-C,cluster_3
BL0205-C,cluster_3
BL0207-C,cluster_3
BL0208-C,cluster_3
BL0209-C,cluster_3
BL0210-C,cluster_3
BL0211-C,cluster_3
BL0212-C,cluster_3
BL0213-C,cluster_3
BL0214-C,cluster_3
BL0215-C,cluster_3
BL0216-C,cluster_3
BL0217-C,cluster_3
BL0218-C,cluster_3
BL0221-C,cluster_3
BL0222-C,cluster_3
BL0223-C,cluster_3
BL0224-C,cluster_3
BL0225-C,cluster_3
BL0226-C,cluster_3
BL0227-C,cluster_3
BL0228-C,cluster_3
BL0229-C,cluster_3
BL0119-C,cluster_3
BL0120-C,cluster_3
BL0121-C,cluster_3
BL0124-C,cluster_3
BL0125-C,cluster_3
BL0126-C,cluster_3
BL0127-C,cluster_3
BL0128-C,cluster_3
BL0129-C,cluster_3
BL0131-C,cluster_3
BL0133-C,cluster_3
BL0135-C,cluster_3
BL0136-C,cluster_3
BL0137-C,cluster_3
BL0138-C,cluster_3
BL0139-C,cluster_3
BL0140-C,cluster_3
BL0141-C,cluster_3
BL0142-C,cluster_3
BL0145-C,cluster_3
BL0146-C,cluster_3
BL0147-C,cluster_3
BL0148-C,cluster_3
BL0149-C,cluster_3
BL0150-C,cluster_3
BL0151-C,cluster_3
BL0152-C,cluster_3
BL0153-C,cluster_3
BL0154-C,cluster_3
BL0155-C,cluster_3
BL0156-C,cluster_3
BL0157-C,cluster_3
BL0158-C,cluster_3
BL0159-C,cluster_3
BL0161-C,cluster_3
BL0163-C,cluster_3
BL0164-C,cluster_3
BL0165-C,cluster_3
BL0166-C,cluster_3
BL0167-C,cluster_3
BL0168-C,cluster_3
BL0169-C,cluster_3
BL0170-C,cluster_3
BL0171-C,cluster_3
BL0172-C,cluster_3
BL0173-C,cluster_3
BL0176-C,cluster_3
BL0177-C,cluster_3
BL0178-C,cluster_3
BL0180-C,cluster_3
BL0182-C,cluster_3
BL0183-C,cluster_3
BL0184-C,cluster_3
BL0185-C,cluster_3
BL0186-C,cluster_3
BL0187-C,cluster_3
BL0189-C,cluster_3
BL0190-C,cluster_3
BL0192-C,cluster_3
BL0193-C,cluster_3
BL0230-C,cluster_3
BL0231-C,cluster_3
BL0232-C,cluster_3
BL0233-C,cluster_3
BL0234-C,cluster_3
BL0235-C,cluster_3
BL0236-C,cluster_3
BL0238-C,cluster_3
BL0239-C,cluster_3
BL0240-C,cluster_3
BL0241-C,cluster_3
BL0242-C,cluster_3
BL0243-C,cluster_3
BL0244-C,cluster_3
BL0246-C,cluster_17
BL0247-C,cluster_17
BL0251-C,cluster_17
BL0252-C,cluster_17
BL0253-C,cluster_17
BL0254-C,cluster_17
BL0255-C,cluster_17
BL0256-C,cluster_17
BL0257-C,cluster_17
BL0258-C,cluster_17
BL0259-C,cluster_17
BL0260-C,cluster_17
BL0261-C,cluster_17
BL0263-C,cluster_17
BL0264-C,cluster_17
BL0266-C,cluster_17
BL0267-C,cluster_17
BL0269-C,cluster_17
BL0271-C,cluster_17
BL0272-C,cluster_17
BL0273-C,cluster_17
BL0275-C,cluster_17
BL0276-C,cluster_17
BL0277-C,cluster_17
BL0278-C,cluster_17
BL0280-C,cluster_17
BL0281-C,cluster_17
BL0282-C,cluster_17
BL0283-C,cluster_17
BL0284-C,cluster_17
BL0285-C,cluster_17
BL0286-C,cluster_17
BL0287-C,cluster_17
BL0288-C,cluster_17
BL0290-C,cluster_17
BL0291-C,cluster_17
BL0292-C,cluster_17
BL0293-C,cluster_17
BL0294-C,cluster_17
BL0296-C,cluster_4
BL0297-C,cluster_4
BL0298-C,cluster_4
BL0299-C,cluster_4
BL0300-C,cluster_4
BL0301-C,cluster_4
BL0302-C,cluster_4
BL0303-C,cluster_4
BL0304-C,cluster_4
BL0305-C,cluster_4
BL0306-C,cluster_4
BL0307-C,cluster_4
BL0308-C,cluster_4
BL0309-C,cluster_4
BL0310-C,cluster_4
BL0311-C,cluster_4
BL0312-C,cluster_4
BL0313-C,cluster_4
BL0314-C,cluster_4
BL0315-C,cluster_4
BL0316-C,cluster_4
BL0317-C,cluster_4
BL0318-C,cluster_4
BL0319-C,cluster_4
BL0320-C,cluster_4
BL0321-C,cluster_4
BL0322-C,cluster_4
BL0323-C,cluster_4
BL0324-C,cluster_4
BL0325-C,cluster_4
BL0326-C,cluster_4
BL0327-C,cluster_4
BL0328-C,cluster_4
BL0332-C,cluster_4
BL0333-C,cluster_4
BL0334-C,cluster_4
BL0335-C,cluster_4
BL0336-C,cluster_4
BL0337-C,cluster_4
BL0338-C,cluster_4
BL0339-C,cluster_4
BL0340-C,cluster_4
BL0341-C,cluster_4
BL0342-C,cluster_4
BL0343-C,cluster_4
BL0344-C,cluster_4
BL0345-C,cluster_4
BL0346-C,cluster_7
BL0347-C,cluster_7
BL0348-C,cluster_7
BL0350-C,cluster_7
BL0351-C,cluster_7
BL0352-C,cluster_7
BL0353-C,cluster_7
BL0354-C,cluster_7
BL0356-C,cluster_7
BL0357-C,cluster_7
BL0358-C,cluster_7
BL0359-C,cluster_7
BL0360-C,cluster_7
BL0361-C,cluster_7
BL0362-C,cluster_7
BL0363-C,cluster_7
BL0365-C,cluster_7
BL0366-C,cluster_7
BL0367-C,cluster_7
BL0368-C,cluster_7
BL0370-C,cluster_7
BL0371-C,cluster_7
BL0372-C,cluster_7
BL0373-C,cluster_7
BL0375-C,cluster_7
BL0376-C,cluster_7
BL0377-C,cluster_7
BL0378-C,cluster_7
BL0379-C,cluster_7
BL0380-C,cluster_7
BL0381-C,cluster_7
BL0382-C,cluster_7
BL0383-C,cluster_7
BL0384-C,cluster_7
BL0385-C,cluster_7
BL0386-C,cluster_7
BL0387-C,cluster_7
BL0388-C,cluster_7
BL0389-C,cluster_7
BL0391-C,cluster_7
BL0392-C,cluster_7
BL0393-C,cluster_7
BL0394-C,cluster_7
BL0250-CW,cluster_17
AC0007-C,cluster_4
AC0008-C,cluster_4
AC0009-Cx,cluster_4
AC0010-C,cluster_4
AC0011-C,cluster_4
AC0012-Cx,cluster_4
AC0013-Cx,cluster_4
AC0014-C,cluster_4
AC0015-C,cluster_4
AC0016-C,cluster_4
AC0017-C,cluster_4
AC0018-Cx,cluster_4
AC0019-C,cluster_4
AC0021-C,cluster_4
AC0022-C,cluster_4
AC0023-C,cluster_4
AC0024-Cx,cluster_4
AC0025-C,cluster_4
AC0026-C,cluster_4
AC0027-C,cluster_4
AC0028-C,cluster_4
AC0029-C,cluster_4
AC0030-C,cluster_4
AC0031-Cx,cluster_4
AC0032-C,cluster_4
AC0033-Cx,cluster_4
AC0034-C,cluster_4
AC0035-C,cluster_4
AC0036-C,cluster_4
AC0037-C,cluster_4
AC0038-Cx,cluster_4
AC0039-C,cluster_4
AC0040-C,cluster_4
AC0041-Cx,cluster_4
AC0042-C,cluster_4
AC0043-C,cluster_4
AC0044-Cx,cluster_4
AC0045-C,cluster_4
AC0046-C,cluster_4
AC0047-C,cluster_4
AC0048-Cx,cluster_4
AC0049-C,cluster_4
AC0050-Cx,cluster_4
AC0051-C,cluster_4
AC0052-Cx,cluster_4
AC0053-C,cluster_4
AC0054-C,cluster_4
AC0055-C,cluster_4
AC0056-C,cluster_4
AC0057-C,cluster_4
AC0058-C,cluster_4
AC0059-C,cluster_4
AC0060-C,cluster_4
AC0061-C,cluster_4
AC0062-C,cluster_4
AC0063-C,cluster_4
AC0064-C,cluster_4
AC0065-C,cluster_4
AC0066-C,cluster_4
AC0067-Cx,cluster_4
AC0068-C,cluster_4
AC0069-C,cluster_4
AC0070-C,cluster_4
AC0071-C,cluster_4
AC0072-C,cluster_4
AC0073-C,cluster_4
AC0074-C,cluster_4
AC0075-C,cluster_4
AC0076-C,cluster_4
AC0077-C,cluster_4
AC0078-C,cluster_4
AC0079-C,cluster_4
AC0080-Cx,cluster_4
AC0081-C,cluster_4
AC0082-C,cluster_4
AC0083-C,cluster_4
AC0084-C,cluster_4
AC0085-C,cluster_4
AC0086-C,cluster_4
AC0087-Cx,cluster_4
AC0088-C,cluster_4
AC0089-Cx,cluster_4
AC0090-C,cluster_4
AC0091-Cx,cluster_4
AC0092-C,cluster_4
AC0093-C,cluster_4
AC0094-C,cluster_4
AC0095-C,cluster_4
AC0096-Cx,cluster_4
AC0097-C,cluster_4
AC0098-C,cluster_4
AC0099-C,cluster_4
AC0100-C,cluster_4
AC0101-C,cluster_4
AC0102-Cx,cluster_4
AC0103-Cx,cluster_4
AC0104-Cx,cluster_4
AC0105-C,cluster_4
AC0106-C,cluster_4
AC0107-C,cluster_4
AC0108-C,cluster_4
AC0109-C,cluster_4
AC0110-Cx,cluster_4
AC0111-Cx,cluster_4
AC0112-C,cluster_4
AC0113-Cx,cluster_4
AC0114-C,cluster_4
AC0115-C,cluster_4
AC0116-C,cluster_4
AC0117-Cx,cluster_4
AC0118-C,cluster_4
AC0119-C,cluster_4
AC0120-C,cluster_4
AC0121-C,cluster_4
AC0122-C,cluster_4
AC0123-C,cluster_4
AC0124-C,cluster_4
AC0125-C,cluster_4
AC0126-Cx,cluster_4
AC0127-C,cluster_4
AC0128-Cx,cluster_4
AC0129-C,cluster_4
AC0130-C,cluster_4
AC0131-C,cluster_4
AC0132-C,cluster_4
AC0133-C,cluster_4
AC0134-Cx,cluster_4
AC0135-C,cluster_4
AC0136-C,cluster_4
AC0137-C,cluster_4
AC0138-Cx,cluster_4
AC0139-C,cluster_4
AC0140-C,cluster_4
AC0141-C,cluster_4
AC0142-C,cluster_4
AC0143-C,cluster_4
AC0144-Cx,cluster_4
AC0145-Cx,cluster_4
AC0146-C,cluster_4
AC0147-Cx,cluster_4
AC0148-C,cluster_4
AC0149-Cx,cluster_4
AC0150-C,cluster_4
AC0151-C,cluster_4
AC0152-C,cluster_4
AC0153-C,cluster_4
AC0154-C,cluster_4
AC0155-C,cluster_4
AC0156-C,cluster_4
AC0157-C,cluster_4
AC0158-C,cluster_4
AC0159-C,cluster_4
AC0160-C,cluster_4
AC0161-C,cluster_4
AC0162-Cx,cluster_4
AC0163-C,cluster_4
AC0164-C,cluster_4
AC0166-C,cluster_4
AC0167-C,cluster_4
AC0168-Cx,cluster_4
AC0169-C,cluster_4
AC0170-C,cluster_4
AC0171-C,cluster_4
AC0172-C,cluster_4
AC0173-C,cluster_4
AC0174-Cx,cluster_4
AC0176-Cx,cluster_4
AC0177-C,cluster_4
AC0178-C,cluster_4
AC0179-C,cluster_4
AC0180-C,cluster_4
AC0181-C,cluster_4
AC0182-C,cluster_4
AC0183-C,cluster_4
AC0184-C,cluster_4
AC0185-C,cluster_4
AC0186-C,cluster_4
AC0187-C,cluster_4
AC0188-C,cluster_4
AC0189-C,cluster_4
AC0190-C,cluster_4
AC0191-C,cluster_4
AC0192-C,cluster_4
AC0193-C,cluster_4
AC0194-C,cluster_4
AC0195-C,cluster_4
AC0196-C,cluster_4
AC0197-Cx,cluster_4
AC0198-C,cluster_4
AC0199-C,cluster_4
AC0200-C,cluster_4
AC0201-Cx,cluster_4
AC0202-Cx,cluster_4
AC0203-C,cluster_4
AC0204-C,cluster_3
AC0205-C,cluster_3
AC0206-C,cluster_3
AC0207-C,cluster_3
AC0208-C,cluster_3
AC0209-C,cluster_3
AC0210-C,cluster_3
AC0211-C,cluster_3
AC0212-C,cluster_3
AC0213-C,cluster_3
AC0214-C,cluster_3
AC0215-C,cluster_3
AC0216-C,cluster_3
AC0217-C,cluster_3
AC0218-C,cluster_3
AC0219-C,cluster_3
AC0220-C,cluster_3
AC0221-C,cluster_3
AC0222-C,cluster_3
AC0223-C,cluster_3
AC0224-C,cluster_3
AC0225-C,cluster_3
AC0226-C,cluster_3
AC0227-C,cluster_3
AC0228-C,cluster_3
AC0229-C,cluster_3
AC0230-C,cluster_3
AC0231-C,cluster_3
AC0232-C,cluster_3
AC0233-C,cluster_3
AC0234-C,cluster_3
AC0235-C,cluster_3
AC0236-C,cluster_3
AC0237-C,cluster_3
AC0238-C,cluster_3
AC0239-C,cluster_3
AC0240-C,cluster_3
AC0241-C,cluster_3
AC0242-C,cluster_3
AC0243-C,cluster_3
AC0244-C,cluster_3
AC0245-C,cluster_3
AC0246-C,cluster_3
AC0247-C,cluster_3
AC0248-C,cluster_3
AC0249-C,cluster_3
AC0250-C,cluster_3
AC0251-C,cluster_3
AC0252-C,cluster_3
AC0253-C,cluster_3
AC0254-C,cluster_3
AC0255-C,cluster_3
AC0256-C,cluster_3
AC0257-C,cluster_3
AC0258-C,cluster_3
AC0259-C,cluster_3
AC0260-C,cluster_3
AC0261-C,cluster_3
AC0262-C,cluster_3
AC0263-C,cluster_3
AC0264-C,cluster_3
AC0265-C,cluster_3
AC0266-C,cluster_3
AC0267-C,cluster_3
AC0268-C,cluster_3
AC0269-C,cluster_3
AC0270-C,cluster_3
AC0271-C,cluster_3
AC0272-C,cluster_3
AC0273-C,cluster_3
AC0274-C,cluster_3
AC0275-C,cluster_3
AC0276-C,cluster_3
AC0277-C,cluster_3
AC0278-C,cluster_3
AC0279-C,cluster_3
AC0280-C,cluster_3
AC0281-C,cluster_3
AC0282-C,cluster_3
AC0283-C,cluster_3
AC0284-C,cluster_3
AC0285-C,cluster_3
AC0286-C,cluster_3
AC0287-C,cluster_3
AC0288-C,cluster_3
AC0289-C,cluster_3
AC0290-C,cluster_3
AC0291-C,cluster_3
AC0292-C,cluster_3
AC0293-C,cluster_3
AC0294-C,cluster_3
AC0295-C,cluster_3
AC0296-C,cluster_3
AC0297-C,cluster_3
AC0298-C,cluster_3
AC0299-C,cluster_3
